name,initial,imageUrl,rating,totalRatings,address,distance,phone,tags,hasWhatsApp,hasEnquiry,isTrusted,isVerified,isPopular,category,city,timestamp
Cooling Engineers,<,,4.4,491 Ratings,"Sri Nagar Peelamedu, Coimbatore",,07041428406,AC AMC|AC Repair & Services,true,true,false,true,true,AC Repair & Services,"Thiruvenkadam Street, Coimbatore",2025-05-28T06:57:48.455Z
Sun Control Equipments,<,,4.3,23 Ratings,"Gounder Street Kannappa Nagar, Coimbatore",,09725290195,AC Dealers|AC Repair & Services,true,true,false,true,true,AC Repair & Services,"Thiruvenkadam Street, Coimbatore",2025-05-28T06:57:48.455Z
Saran Home Appliance,<,,4.2,22 Ratings,"Road Gandhipuram Coimbatore, Coimbatore",,09054772530,AC Repair & Services|Washing Machine Repair & Services,true,true,false,true,true,AC Repair & Services,"Thiruvenkadam Street, Coimbatore",2025-05-28T06:57:48.455Z
R R Electronix,<,,4.2,87 Ratings,"Road Edayarpalayam, Coimbatore",,07411822422,Home Appliance Dealers|AC Repair & Services,true,true,false,true,true,AC Repair & Services,"Thiruvenkadam Street, Coimbatore",2025-05-28T06:57:48.455Z
Abs Engineerings,<,,4.1,42 Ratings,"Vellalur Road Ukkadam, Coimbatore",,08734096430,AC Repair & Services|AC Installation Services,true,true,false,true,true,AC Repair & Services,"Thiruvenkadam Street, Coimbatore",2025-05-28T06:57:48.455Z
Kovai Home Appliances Repair & Service,<,,4.4,46 Ratings,"Sampath Street Rathinapuri, Coimbatore",,07411823186,AC Repair & Services|AC Installation Services,true,true,false,false,true,AC Repair & Services,"Thiruvenkadam Street, Coimbatore",2025-05-28T06:57:48.455Z
AIR Tech Engineers,<,,4.5,74 Ratings,"AK Nagar Saibaba Colony, Coimbatore",,07383461867,Window AC Repair & Services|AC Repair & Services,true,true,false,true,true,AC Repair & Services,"Thiruvenkadam Street, Coimbatore",2025-05-28T06:57:48.456Z
FKS Cool World,<,,3.9,114 Ratings,"Road Rs Puram Coimbatore, Coimbatore",,09054755530,AC Repair & Services-Voltas|AC Repair & Services,true,true,false,true,false,AC Repair & Services,"Thiruvenkadam Street, Coimbatore",2025-05-28T06:57:48.456Z
Sri Aarna Service Point,<,,4.2,30 Ratings,"Main Road Avarampalayam, Coimbatore",,09054562556,AC Repair & Services-Voltas|AC Repair & Services,true,true,false,true,true,AC Repair & Services,"Thiruvenkadam Street, Coimbatore",2025-05-28T06:57:48.456Z
Sri Selvalakshmi Home Care,<,,4.9,426 Ratings,"No B 2 Kavundampalayam, Coimbatore",,09725292435,Home Appliance Repair & Services|AC Repair & Services,true,true,false,false,true,AC Repair & Services,"Thiruvenkadam Street, Coimbatore",2025-05-28T06:57:48.457Z
Siva Engineering Refrigeration & Air Conditioners,+,,3.8,35 Ratings,"DB Road RS Puram Coimbatore, Coimbatore",,08490849756,AC Dealers|AC Repair & Services,true,true,false,false,true,AC Repair & Services,"Thiruvenkadam Street, Coimbatore",2025-05-28T06:57:48.457Z
Fix Speed,+,,4.0,29 Ratings,"Sanganoor Main Road Ganapathy, Coimbatore",,,AC Repair & Services|Washing Machine Repair & Services,true,true,false,true,false,AC Repair & Services,"Thiruvenkadam Street, Coimbatore",2025-05-28T06:57:48.457Z
Sun Control Equipments,+,,4.4,26 Ratings,"Colony Sriavanashilingam Hsc, Coimbatore",,,AC Dealers-Carrier|AC Repair & Services,true,true,false,true,true,AC Repair & Services,"Thiruvenkadam Street, Coimbatore",2025-05-28T06:57:48.457Z
The Cool Zone Aircondiner Service,+,,4.2,39 Ratings,"Lokamanya Street East RS Puram, Coimbatore",,,24 Hours AC Repair & Services|AC Repair & Services,true,true,false,false,true,AC Repair & Services,"Thiruvenkadam Street, Coimbatore",2025-05-28T06:57:48.457Z
Power Tech Equipments,+,,4.2,35 Ratings,"Gandhinagar Kavundampalayam, Coimbatore",,,AC Repair & Services-Daikin|AC Repair & Services,true,true,false,false,true,AC Repair & Services,"Thiruvenkadam Street, Coimbatore",2025-05-28T06:57:48.457Z
Mks Electronics,+,,4.3,51 Ratings,"C K Colony Sidhapudur, Coimbatore",,07411822718,AC Dealers-Carrier|AC Repair & Services,true,true,false,true,true,AC Repair & Services,"Thiruvenkadam Street, Coimbatore",2025-05-28T06:57:48.457Z
Megatech Engineers,,,4.6,18 Ratings,"Street 9th Street Saibaba Colony, Coimbatore",,,Vrf AC Dealers-Daikin|AC Repair & Services,true,true,false,true,true,AC Repair & Services,"Thiruvenkadam Street, Coimbatore",2025-05-28T06:57:48.457Z
Ab Service,,,4.2,72 Ratings,"PM Sami Colony Tatabad, Coimbatore",,,Mixer Grinder Repair & Services-Philips|AC Repair & Services,true,true,false,true,true,AC Repair & Services,"Thiruvenkadam Street, Coimbatore",2025-05-28T06:57:48.457Z
Orion Air Conditioners,,,4.0,22 Ratings,"Lakshmipuram Ganapathy, Coimbatore",,,AC Dealers-Carrier|AC Repair & Services,true,true,false,true,true,AC Repair & Services,"Thiruvenkadam Street, Coimbatore",2025-05-28T06:57:48.457Z
Sky Breeze AC Solutions,+,,2.9,11 Ratings,"Nagar Ramanathapuram Coimbatore, Coimbatore",,,AC Dealers|AC Repair & Services,true,true,false,true,true,AC Repair & Services,"Thiruvenkadam Street, Coimbatore",2025-05-28T06:57:48.457Z
Fixnow Home Care,+,,5.0,525 Ratings,"Ramasamy Konar Street Hopes, Coimbatore",,08487825277,,true,true,false,false,true,AC Repair & Services,"Thiruvenkadam Street, Coimbatore",2025-05-28T06:57:48.457Z
Sam AIR Cool Service,+,,4.4,47 Ratings,"Car Street 2 Sowripalayam, Coimbatore",,07041930139,Split AC Installation Services-LG|AC Repair & Services,true,true,false,true,true,AC Repair & Services,"Thiruvenkadam Street, Coimbatore",2025-05-28T06:57:48.457Z
Kovai Cool System,+,,4.0,73 Ratings,"Sanganur Main Road Ganapathy, Coimbatore",,09054273128,Refrigerator Repair & Services|AC Repair & Services,true,true,false,true,true,AC Repair & Services,"Thiruvenkadam Street, Coimbatore",2025-05-28T06:57:48.457Z
S M AIR Conditioners,+,,4.5,51 Ratings,"Kovil Thottam Udayampalayam, Coimbatore",,09845424606,AC Repair & Services|AC Installation Services,true,true,false,false,true,AC Repair & Services,"Thiruvenkadam Street, Coimbatore",2025-05-28T06:57:48.457Z
Green Air Systems,+,,4.1,63 Ratings,"Nagar 3rd Street Singanallur, Coimbatore",,09054596323,AC Dealers-Daikin|AC Repair & Services,true,true,false,true,true,AC Repair & Services,"Thiruvenkadam Street, Coimbatore",2025-05-28T06:57:48.458Z
GEEJAY Services,+,,5.0,5 Ratings,"Ramanathapuram Coimbatore, Coimbatore",,08401286031,AC Repair & Services|AC Installation Services,true,true,false,false,true,AC Repair & Services,"Thiruvenkadam Street, Coimbatore",2025-05-28T06:57:48.458Z
BEST Service Engineer,+,,4.8,56 Ratings,"HUDCO Colony Peelamedu, Coimbatore",,09725302412,Washing Machine Repair & Services|AC Repair & Services,true,true,false,true,true,AC Repair & Services,"Thiruvenkadam Street, Coimbatore",2025-05-28T06:57:48.458Z
Arul Ac Service Centre,+,,4.1,19 Ratings,"Masakalipalayam Uppilipalayam, Coimbatore",,,AC Repair & Services|Car AC Repair & Services,true,true,false,false,true,AC Repair & Services,"Thiruvenkadam Street, Coimbatore",2025-05-28T06:57:48.459Z
Sri Subhalakshmi Home Care,+,,4.8,"1,067 Ratings","3rd Cross Road Peelamedu, Coimbatore",,09606274638,AC Repair & Services|Washing Machine Repair & Services,true,true,false,true,true,AC Repair & Services,"Thiruvenkadam Street, Coimbatore",2025-05-28T06:57:48.459Z
Saravanan Electrician,+,,4.8,180 Ratings,"Thudiyalur NGGO Colony, Coimbatore",,08511724630,Motor Pump|24 Hours Open|Fan,true,true,false,false,true,AC Repair & Services,"Thiruvenkadam Street, Coimbatore",2025-05-28T06:57:48.459Z
Zen Coolers,,,4.0,12 Ratings,"Keeranatham Road Saravanampatti, Coimbatore",,08123858990,AC Repair & Services|AC Repair & Services-LG,true,true,false,false,false,AC Repair & Services,"Thiruvenkadam Street, Coimbatore",2025-05-28T06:57:48.459Z
Musara Tech Solutions,+,,4.7,205 Ratings,"Revenue Nagar Saravanampatti, Coimbatore",,09845221011,,true,true,false,false,true,AC Repair & Services,"Thiruvenkadam Street, Coimbatore",2025-05-28T06:57:48.459Z
Rr Coolers,+,,4.4,123 Ratings,"Keeranatham Saravanampatti, Coimbatore",,08460265153,,true,true,false,true,true,AC Repair & Services,"Thiruvenkadam Street, Coimbatore",2025-05-28T06:57:48.459Z
Pat Service,+,,4.3,24 Ratings,"Sathy Road Saravanampatti, Coimbatore",,08904251945,Washing Machine Repair & Services|AC Repair & Services,true,true,false,true,true,AC Repair & Services,"Thiruvenkadam Street, Coimbatore",2025-05-28T06:57:48.460Z
Perfect Engineering,+,,4.5,4 Ratings,"Kalapatti Mainroad Nehru Nagar, Coimbatore",,08904989976,TV Repair & Services|AC Repair & Services,true,true,false,false,true,AC Repair & Services,"Thiruvenkadam Street, Coimbatore",2025-05-28T06:57:48.460Z
Philips Engineering,+,,4.3,20 Ratings,"Karattumedu Saravanampatti, Coimbatore",,,Refrigerator Repair & Services-Videocon|AC Repair & Services,true,true,false,false,true,AC Repair & Services,"Thiruvenkadam Street, Coimbatore",2025-05-28T06:57:48.460Z
Gold King Ac Service,+,,4.7,30 Ratings,"Varadhar Palayam Saravanampatti, Coimbatore",,08460494810,Washing Machine Repair & Services|AC Repair & Services,true,true,false,false,true,AC Repair & Services,"Thiruvenkadam Street, Coimbatore",2025-05-28T06:57:48.460Z
Nivells System,+,,5.0,21 Ratings,"NEEL GARDEN Athipalayam, Coimbatore",,,AC Repair & Services|AC Installation Services,true,true,false,false,true,AC Repair & Services,"Thiruvenkadam Street, Coimbatore",2025-05-28T06:57:48.460Z
Vd Home Care Solutions,+,,4.6,14 Ratings,"Main Road Chettipalayam, Coimbatore",,08401160487,Electricians|AC Repair & Services,true,true,false,true,true,AC Repair & Services,"Thiruvenkadam Street, Coimbatore",2025-05-28T06:57:48.460Z
Sri Amman Services,,,5.0,2 Ratings,"Divin Krishna Garden Kadampadi, Coimbatore",,08460484514,AC Repair & Services|Refrigerator Repair & Services,true,true,false,false,true,AC Repair & Services,"Thiruvenkadam Street, Coimbatore",2025-05-28T06:57:48.460Z
Sathya Store,+,,4.1,"2,279 Ratings","Feet Road Gandhipuram Coimbatore, Coimbatore",,,Same Day Delivery|Company Authorised Dealer,true,true,false,false,true,AC Repair & Services,"Thiruvenkadam Street, Coimbatore",2025-05-28T06:57:48.460Z
R S Electronics,+,,4.9,378 Ratings,"Road Rs Puram Coimbatore, Coimbatore",,,AC Repair & Services|Washing Machine Repair & Services,true,true,false,false,true,AC Repair & Services,"Thiruvenkadam Street, Coimbatore",2025-05-28T06:57:48.460Z
Shree Pon Refrigeration,+,,4.5,392 Ratings,"Alagesan Road Saibaba Colony, Coimbatore",,,Refrigerator Dealers-Samsung|AC Repair & Services,true,true,false,false,true,AC Repair & Services,"Thiruvenkadam Street, Coimbatore",2025-05-28T06:57:48.460Z
Hap Serv,+,,4.5,371 Ratings,"Gounder Layout Sivananda Colony, Coimbatore",,,AC Repair & Services-Daikin|AC Repair & Services,true,true,false,false,true,AC Repair & Services,"Thiruvenkadam Street, Coimbatore",2025-05-28T06:57:48.460Z
Charan Cool Care,+,,4.6,130 Ratings,"Sastri Road Ram Nagar, Coimbatore",,,AC Repair & Services-Hitachi|AC Repair & Services,true,true,false,false,true,AC Repair & Services,"Thiruvenkadam Street, Coimbatore",2025-05-28T06:57:48.460Z
Fixodo Solutions Pvt Ltd,+,,3.6,138 Ratings,"4th Street RS Puram Coimbatore, Coimbatore",,,Split AC Repair & Services|Electricians,true,true,false,true,false,AC Repair & Services,"Thiruvenkadam Street, Coimbatore",2025-05-28T06:57:48.460Z
Godrej & Boyce Manufacturing Co Ltd,+,,4.1,90 Ratings,"D B Road Rs Puram Coimbatore, Coimbatore",,,Washing Machine Repair & Services-Godrej|AC Repair & Services,true,true,false,false,true,AC Repair & Services,"Thiruvenkadam Street, Coimbatore",2025-05-28T06:57:48.461Z
Jones coolcare,+,,4.8,73 Ratings,"Valluvar St Sivananda Colony, Coimbatore",,,AC Repair & Services|Split AC Repair & Services,true,true,false,false,true,AC Repair & Services,"Thiruvenkadam Street, Coimbatore",2025-05-28T06:57:48.461Z
Ants Queen Corp,+,,4.7,66 Ratings,"7th Street Tatabad, Coimbatore",,,solar Panel Repair,true,true,false,true,true,AC Repair & Services,"Thiruvenkadam Street, Coimbatore",2025-05-28T06:57:48.461Z
Handybird,+,,4.6,65 Ratings,"Tv Swamy Rs Puram Coimbatore, Coimbatore",,,AC Repair & Services|Split AC Repair & Services,true,true,false,false,true,AC Repair & Services,"Thiruvenkadam Street, Coimbatore",2025-05-28T06:57:48.461Z
S N Electronics,+,,3.9,76 Ratings,"Tank Road Sivananda Colony, Coimbatore",,,Solar Panel Dealers|AC Repair & Services,true,true,false,true,false,AC Repair & Services,"Thiruvenkadam Street, Coimbatore",2025-05-28T06:57:48.461Z
William Appliances,,,4.8,54 Ratings,"Raju Naidu Road Tatabad, Coimbatore",,,AC Repair & Services|Electronic Goods Repair & Services,true,true,false,false,true,AC Repair & Services,"Thiruvenkadam Street, Coimbatore",2025-05-28T06:57:48.462Z
Arun Ac Service,+,,4.5,52 Ratings,"Thikai Nager Sanganur, Coimbatore",,,AC Repair & Services|AC Installation Services,true,true,false,false,true,AC Repair & Services,"Thiruvenkadam Street, Coimbatore",2025-05-28T06:57:48.462Z
Servicetec By TVS Electronics,,,3.7,63 Ratings,"Dr Nanjappa Road Grey Town, Coimbatore",,,Electronic Goods Repair & Services|AC Repair & Services,true,true,false,false,false,AC Repair & Services,"Thiruvenkadam Street, Coimbatore",2025-05-28T06:57:48.462Z
Invention Controls,+,,4.9,47 Ratings,"Tatabad 9th Street Tatabad, Coimbatore",,,AC Repair & Services|Motor Manufacturers,true,true,false,false,false,AC Repair & Services,"Thiruvenkadam Street, Coimbatore",2025-05-28T06:57:48.462Z
Natural AIR Conditioner And Refrigeration,+,,4.7,44 Ratings,"Road Rs Puram Coimbatore, Coimbatore",,,AC Repair & Services|AC Installation Services,true,true,false,false,true,AC Repair & Services,"Thiruvenkadam Street, Coimbatore",2025-05-28T06:57:48.462Z
Upl Engineers,+,,3.8,41 Ratings,"Opp Dinakaran Office Ukkadam, Coimbatore",,,AC Repair & Services|Washing Machine Repair & Services,true,true,false,false,false,AC Repair & Services,"Thiruvenkadam Street, Coimbatore",2025-05-28T06:57:48.462Z
Anbu Electronics,+,,4.3,29 Ratings,"New Line Street Sivananda Colony, Coimbatore",,,Refrigerator Repair & Services-Siemens|AC Repair & Services,true,true,false,false,true,AC Repair & Services,"Thiruvenkadam Street, Coimbatore",2025-05-28T06:57:48.462Z
Hems Cool Care,,,4.3,26 Ratings,"100 Feet Road-Gandhipuram Coimbatore, Coimbatore",,,AC Repair & Services|Electronic Goods Repair & Services,true,true,false,false,false,AC Repair & Services,"Thiruvenkadam Street, Coimbatore",2025-05-28T06:57:48.462Z
Mani Electronics,,,4.5,24 Ratings,"Rs Puram Coimbatore, Coimbatore",,,AC Repair & Services-Daikin|AC Repair & Services,true,true,false,false,true,AC Repair & Services,"Thiruvenkadam Street, Coimbatore",2025-05-28T06:57:48.462Z
Home Guru,+,,3.4,30 Ratings,"Narayanaguru Road Saibaba Koil, Coimbatore",,,Refrigerator Repair & Services|AC Repair & Services,true,true,false,false,false,AC Repair & Services,"Thiruvenkadam Street, Coimbatore",2025-05-28T06:57:48.462Z
JRD Promotors,,,4.7,19 Ratings,"Raju Naidu Street Tatabad, Coimbatore",,,AC Repair & Services|AC Repair & Services-LG,false,true,false,false,false,AC Repair & Services,"Thiruvenkadam Street, Coimbatore",2025-05-28T06:57:48.462Z
Adonis Electronics Pvt Ltd,,,3.6,23 Ratings,"100 Feet Road Tatabad, Coimbatore",,,Mobile Phone Repair & Services|AC Repair & Services,true,true,false,true,false,AC Repair & Services,"Thiruvenkadam Street, Coimbatore",2025-05-28T06:57:48.463Z
Smart Hvac Care,+,,4.7,17 Ratings,"W Periasamy Road Rs Puram, Coimbatore",,,AC Repair & Services|Split AC Repair & Services,true,true,false,false,false,AC Repair & Services,"Thiruvenkadam Street, Coimbatore",2025-05-28T06:57:48.463Z
Annai Air Conditioner,,,4.8,13 Ratings,"4126th St Ext Gandhipuram, Coimbatore",,,AC Repair & Services|Electronic Goods Repair & Services,true,true,false,false,true,AC Repair & Services,"Thiruvenkadam Street, Coimbatore",2025-05-28T06:57:48.463Z
Stay Cool,+,,4.7,13 Ratings,"Naidu Street Sivananda Colony, Coimbatore",,,AC Repair & Services|AC Installation Services,true,true,false,false,true,AC Repair & Services,"Thiruvenkadam Street, Coimbatore",2025-05-28T06:57:48.463Z
Mani Electronics Service,,,4.0,15 Ratings,"Flower Market Coimbatore Ho, Coimbatore",,,Washing Machine Repair & Services-IFB|AC Repair & Services,true,true,false,false,false,AC Repair & Services,"Thiruvenkadam Street, Coimbatore",2025-05-28T06:57:48.463Z
Abiman Associates,+,,3.9,15 Ratings,"Narayanaguru Road Saibaba Colony, Coimbatore",,,AC Dealers-Carrier|AC Repair & Services,true,true,false,true,false,AC Repair & Services,"Thiruvenkadam Street, Coimbatore",2025-05-28T06:57:48.463Z
Shree Pon Refrigeration,,,3.0,19 Ratings,"Alagesan Road Saibaba Colony, Coimbatore",,,AC Repair & Services|Washing Machine Repair & Services,true,true,false,true,false,AC Repair & Services,"Thiruvenkadam Street, Coimbatore",2025-05-28T06:57:48.463Z
Vijaya Cooler,,,3.8,15 Ratings,"Extension Gandhipuram Coimbatore, Coimbatore",,,AC Repair & Services|Refrigerator Repair & Services,true,true,false,false,false,AC Repair & Services,"Thiruvenkadam Street, Coimbatore",2025-05-28T06:57:48.463Z
Cool Z Cool,+,,4.5,11 Ratings,"Sampath Street Rathinapuri, Coimbatore",,,AC Repair & Services|Electronic Goods Repair & Services,true,true,false,false,false,AC Repair & Services,"Thiruvenkadam Street, Coimbatore",2025-05-28T06:57:48.463Z
Run And Win Technologies,,,4.5,11 Ratings,"Layout Sivananda Colony, Coimbatore",,,AC Repair & Services|AC Repair & Services-LG,true,true,false,false,false,AC Repair & Services,"Thiruvenkadam Street, Coimbatore",2025-05-28T06:57:48.463Z
Hindustan Air Conditioner & Refrigeration,+,,4.6,10 Ratings,"Vcv Layout Factory Sales, Coimbatore",,,AC Repair & Services|AC Installation Services,true,true,false,false,false,AC Repair & Services,"Thiruvenkadam Street, Coimbatore",2025-05-28T06:57:48.463Z
Repair Boyz,+,,4.5,9 Ratings,"Kalidas Road Ram Nagar, Coimbatore",,,Home Appliance Repair & Services-Philips|AC Repair & Services,true,true,false,false,true,AC Repair & Services,"Thiruvenkadam Street, Coimbatore",2025-05-28T06:57:48.463Z
Chills Park,+,,4.7,7 Ratings,"Road East RS Puram Coimbatore, Coimbatore",,,Refrigerator Repair & Services-Videocon|AC Repair & Services,true,true,false,false,true,AC Repair & Services,"Thiruvenkadam Street, Coimbatore",2025-05-28T06:57:48.463Z
P R Electricals Voltas Ltd,,,4.0,8 Ratings,"Nehru Street Ram Nagar, Coimbatore",,,Car AC Repair & Services|AC Repair & Services,true,true,false,false,false,AC Repair & Services,"Thiruvenkadam Street, Coimbatore",2025-05-28T06:57:48.463Z
Aircon Cool Service Center,+,,4.7,6 Ratings,"Main Road RS Puram Coimbatore, Coimbatore",,,AC Repair & Services-Voltas|AC Repair & Services,true,true,false,false,true,AC Repair & Services,"Thiruvenkadam Street, Coimbatore",2025-05-28T06:57:48.463Z
Akil Electronics,,,4.5,6 Ratings,"Road Rs Puram Coimbatore, Coimbatore",,,Electronic Goods Showrooms|AC Repair & Services,true,true,false,false,false,AC Repair & Services,"Thiruvenkadam Street, Coimbatore",2025-05-28T06:57:48.463Z
ATM Coolers,+,,4.3,6 Ratings,"Street Gandhipuram Coimbatore, Coimbatore",,,AC Repair & Services|AC Installation Services,true,true,false,false,true,AC Repair & Services,"Thiruvenkadam Street, Coimbatore",2025-05-28T06:57:48.463Z
Fujiaire AIR Conditioners,+,,5.0,5 Ratings,"Raju Naidu Road Tatabad, Coimbatore",,,Central AC Dealers|AC Repair & Services,true,true,false,false,true,AC Repair & Services,"Thiruvenkadam Street, Coimbatore",2025-05-28T06:57:48.463Z
Snow Tech,+,,4.6,5 Ratings,"Road East RS Puram Coimbatore, Coimbatore",,,AC Repair & Services-Daikin|AC Repair & Services,true,true,false,false,true,AC Repair & Services,"Thiruvenkadam Street, Coimbatore",2025-05-28T06:57:48.463Z
Shree Pon Refigeration,+,,4.4,5 Ratings,"First Street Saibaba Colony, Coimbatore",,,AC Dealers-Whirlpool|AC Repair & Services,true,true,false,false,true,AC Repair & Services,"Thiruvenkadam Street, Coimbatore",2025-05-28T06:57:48.463Z
Wilcox Quicker,+,,3.1,7 Ratings,"Street Gandhipuram Coimbatore, Coimbatore",,,Washing Machine Repair & Services|AC Repair & Services,true,true,false,false,false,AC Repair & Services,"Thiruvenkadam Street, Coimbatore",2025-05-28T06:57:48.464Z
Ds Electronics,,,3.8,5 Ratings,"Mettupalayam Road Saibaba Koil, Coimbatore",,,Electronic Goods Repair & Services|AC Repair & Services,true,true,false,false,false,AC Repair & Services,"Thiruvenkadam Street, Coimbatore",2025-05-28T06:57:48.464Z
Smart Air Conditioner,,,4.2,4 Ratings,"Road RS Puram Coimbatore, Coimbatore",,,AC Repair & Services|Electronic Goods Repair & Services,false,true,false,false,false,AC Repair & Services,"Thiruvenkadam Street, Coimbatore",2025-05-28T06:57:48.464Z
Fks Cool World,+,,4.2,4 Ratings,"Road Gandhipuram Coimbatore, Coimbatore",,,AC Repair & Services|Washing Machine Repair & Services,true,true,false,false,true,AC Repair & Services,"Thiruvenkadam Street, Coimbatore",2025-05-28T06:57:48.464Z
Rehoboth Enterprises,+,,4.2,4 Ratings,"Street RS Puram Coimbatore, Coimbatore",,,AC Repair & Services-Daikin|AC Repair & Services,true,true,false,false,true,AC Repair & Services,"Thiruvenkadam Street, Coimbatore",2025-05-28T06:57:48.464Z
Aerotech Engineers,,,4.3,3 Ratings,"Road RS Puram Coimbatore, Coimbatore",,,AC Repair & Services|AC Installation Services,true,true,false,false,false,AC Repair & Services,"Thiruvenkadam Street, Coimbatore",2025-05-28T06:57:48.464Z
Aadarsh Aircon,+,,4.3,3 Ratings,"Rondy Street RS Puram Coimbatore, Coimbatore",,,AC Repair & Services-Daikin|AC Repair & Services,true,true,false,false,true,AC Repair & Services,"Thiruvenkadam Street, Coimbatore",2025-05-28T06:57:48.464Z
Vk Engineering,,,4.3,3 Ratings,"Sivananda Colony, Coimbatore",,,AC Repair & Services,false,true,false,false,false,AC Repair & Services,"Thiruvenkadam Street, Coimbatore",2025-05-28T06:57:48.464Z
Arul Ac Service,,,4.3,3 Ratings,"Bahadur Road RS Puram Coimbatore, Coimbatore",,,AC Repair & Services|Electronic Goods Repair & Services,false,true,false,false,false,AC Repair & Services,"Thiruvenkadam Street, Coimbatore",2025-05-28T06:57:48.464Z
Comfort World,,,4.3,3 Ratings,"Coimbatore Nvn Layout, Coimbatore",,,AC Repair & Services,false,true,false,false,false,AC Repair & Services,"Thiruvenkadam Street, Coimbatore",2025-05-28T06:57:48.464Z
Sai Vinayak Spares and Service,,,5.0,2 Ratings,"Byepass Road Sivananda Colony, Coimbatore",,,AC Repair & Services|Electronic Goods Repair & Services,true,true,false,false,false,AC Repair & Services,"Thiruvenkadam Street, Coimbatore",2025-05-28T06:57:48.464Z
Ivan Engineering Service,,,5.0,2 Ratings,"Road RS Puram Coimbatore, Coimbatore",,,AC Repair & Services-Daikin|AC Repair & Services,true,true,false,false,false,AC Repair & Services,"Thiruvenkadam Street, Coimbatore",2025-05-28T06:57:48.464Z
Ever Cool Refrigeration,,,5.0,2 Ratings,"Gandhipuram Coimbatore, Coimbatore",,,AC Repair & Services|Washing Machine Repair & Services,true,true,false,false,true,AC Repair & Services,"Thiruvenkadam Street, Coimbatore",2025-05-28T06:57:48.464Z
Cool Well Service,,,5.0,2 Ratings,"Layout Gandhipuram Coimbatore, Coimbatore",,,AC Repair & Services|Washing Machine Repair & Services,true,true,false,false,false,AC Repair & Services,"Thiruvenkadam Street, Coimbatore",2025-05-28T06:57:48.464Z
Sagar Electronics,,,5.0,2 Ratings,"Road RS Puram Coimbatore, Coimbatore",,,Split AC Repair & Services|AC Repair & Services,true,true,false,false,false,AC Repair & Services,"Thiruvenkadam Street, Coimbatore",2025-05-28T06:57:48.464Z
Crystal Symphony,,,5.0,2 Ratings,"No 122 Sanganur, Coimbatore",,,Air Cooler Repair & Services-Mccoy|AC Repair & Services,true,true,false,false,true,AC Repair & Services,"Thiruvenkadam Street, Coimbatore",2025-05-28T06:57:48.464Z
Nigel Georej Authored,,,4.0,2 Ratings,"road RS Puram Coimbatore, Coimbatore",,,AC Repair & Services|Washing Machine Repair & Services,true,true,false,false,false,AC Repair & Services,"Thiruvenkadam Street, Coimbatore",2025-05-28T06:57:48.464Z
N S AIR Conditioners,,,4.0,2 Ratings,"Brown Road RS Puram Coimbatore, Coimbatore",,,AC Repair & Services|AC Dealers,true,true,false,false,false,AC Repair & Services,"Thiruvenkadam Street, Coimbatore",2025-05-28T06:57:48.464Z
A V Electronicals Service,+,,3.8,2 Ratings,"Road RS Puram Coimbatore, Coimbatore",,,AC Repair & Services|Washing Machine Repair & Services,true,true,false,false,false,AC Repair & Services,"Thiruvenkadam Street, Coimbatore",2025-05-28T06:57:48.464Z
Zenith services,,,3.5,2 Ratings,"Street Gandhipuram Coimbatore, Coimbatore",,,AC Repair & Services|Washing Machine Repair & Services,true,true,false,false,false,AC Repair & Services,"Thiruvenkadam Street, Coimbatore",2025-05-28T06:57:48.464Z
N-s Air Conditioners,,,3.5,2 Ratings,"Rd Gandhipuram Coimbatore, Coimbatore",,,AC Repair & Services-Daikin|AC Repair & Services,true,true,false,false,false,AC Repair & Services,"Thiruvenkadam Street, Coimbatore",2025-05-28T06:57:48.464Z
Anandh Ac Service,,,5.0,1 Ratings,"NSR Road Saibaba Colony, Coimbatore",,,AC Repair & Services|AC Installation Services,true,true,false,false,true,AC Repair & Services,"Thiruvenkadam Street, Coimbatore",2025-05-28T06:57:48.464Z
Nigel Ivan Engineering Service,,,5.0,1 Ratings,"Road RS Puram Coimbatore, Coimbatore",,,AC Repair & Services|Refrigerator Repair & Services,false,true,false,false,false,AC Repair & Services,"Thiruvenkadam Street, Coimbatore",2025-05-28T06:57:48.464Z
G Muthu Ac Repair And Services,+,,5.0,1 Ratings,"Street RS Puram Coimbatore, Coimbatore",,,AC Repair & Services|Labour Contractors,true,true,false,false,false,AC Repair & Services,"Thiruvenkadam Street, Coimbatore",2025-05-28T06:57:48.464Z
Ogeneral Ac Repair,,,4.5,1 Ratings,"Sastri Road Ram Nagar, Coimbatore",,,AC Repair & Services|Electronic Goods Repair & Services,true,true,false,false,false,AC Repair & Services,"Thiruvenkadam Street, Coimbatore",2025-05-28T06:57:48.464Z
N Secure Vision,+,,4.5,1 Ratings,"6th Street Extension Tatabad, Coimbatore",,,Company Authorised Dealer,true,true,false,false,true,AC Repair & Services,"Thiruvenkadam Street, Coimbatore",2025-05-28T06:57:48.464Z
Sai Ram Associates,+,,4.0,1 Ratings,"Road Rs Puram Coimbatore, Coimbatore",,,AC Repair & Services-Hitachi|AC Repair & Services,false,true,false,false,false,AC Repair & Services,"Thiruvenkadam Street, Coimbatore",2025-05-28T06:57:48.464Z
Kaiser Engineers,,,4.0,1 Ratings,"Sambandam RS Puram Coimbatore, Coimbatore",,,AC Repair & Services-Daikin|AC Repair & Services,true,true,false,false,false,AC Repair & Services,"Thiruvenkadam Street, Coimbatore",2025-05-28T06:57:48.464Z
O General Ac Repairs,,,4.0,1 Ratings,"Gandhipuram, Coimbatore",,,AC Repair & Services|Electronic Goods Repair & Services,true,true,false,false,false,AC Repair & Services,"Thiruvenkadam Street, Coimbatore",2025-05-28T06:57:48.464Z
T.s.electricals,+,,4.0,1 Ratings,"Street Gandhipuram Coimbatore, Coimbatore",,,AC Repair & Services|Washing Machine Repair & Services,true,true,false,false,false,AC Repair & Services,"Thiruvenkadam Street, Coimbatore",2025-05-28T06:57:48.464Z
Kovai Aircon,+,,4.1,126 Ratings,"Feet Road Gandhipuram Coimbatore, Coimbatore",,,AC Dealers-Carrier|AC Repair & Services,true,true,false,true,true,AC Repair & Services,"Thiruvenkadam Street, Coimbatore",2025-05-28T06:57:48.464Z
M K S Electronics,+,,4.5,8 Ratings,"C.K Colony Sidhapudur, Coimbatore",,,Electronic Goods Showrooms|AC Repair & Services,true,true,false,false,true,AC Repair & Services,"Thiruvenkadam Street, Coimbatore",2025-05-28T06:57:48.464Z
Keerthana Electronic Shop,,,0,0 Ratings,"Power House Road Gandhipuram, Coimbatore",,,Electronic Goods Repair & Services|AC Repair & Services,false,true,false,false,false,AC Repair & Services,"Thiruvenkadam Street, Coimbatore",2025-05-28T06:57:48.464Z
Aircoole,+,,0,0 Ratings,"Cut Road Gandhipuram Coimbatore, Coimbatore",,,AC Repair & Services|AC Repair & Services-LG,false,true,false,false,false,AC Repair & Services,"Thiruvenkadam Street, Coimbatore",2025-05-28T06:57:48.465Z
Hazier appliance (India) P limited,,,0,0 Ratings,"Road RS Puram Coimbatore, Coimbatore",,,AC Repair & Services|Mobile Phone Dealers,false,true,false,false,false,AC Repair & Services,"Thiruvenkadam Street, Coimbatore",2025-05-28T06:57:48.465Z
Perumal Store(Sales & Repair Services),,,0,0 Ratings,"Avinashi Road Chinniyampalayam, Coimbatore",,,Refrigerator Repair & Services|AC Repair & Services,true,true,false,false,false,AC Repair & Services,"Thiruvenkadam Street, Coimbatore",2025-05-28T06:57:48.465Z
G P S Electricals,,,0,0 Ratings,"5th Street Rs Puram Coimbatore, Coimbatore",,,AC Repair & Services|Washing Machine Repair & Services,true,true,false,false,false,AC Repair & Services,"Thiruvenkadam Street, Coimbatore",2025-05-28T06:57:48.465Z
Max Vision,,,0,0 Ratings,"Bykara Office Road Tatabad, Coimbatore",,,TV Dealers|AC Repair & Services,true,true,false,false,false,AC Repair & Services,"Thiruvenkadam Street, Coimbatore",2025-05-28T06:57:48.465Z
Freeze Line,+,,0,0 Ratings,"15/15 RS Puram Coimbatore, Coimbatore",,,AC Repair & Services|Second Hand AC Dealers,true,true,false,false,false,AC Repair & Services,"Thiruvenkadam Street, Coimbatore",2025-05-28T06:57:48.465Z
Myfriend,,,0,0 Ratings,"Cut Road Gandhipuram Coimbatore, Coimbatore",,,AC Repair & Services|Plumbing Contractors,false,true,false,false,false,AC Repair & Services,"Thiruvenkadam Street, Coimbatore",2025-05-28T06:57:48.465Z
Mridhini Hvac Solutions,+,,0,0 Ratings,"Road RS Puram Coimbatore, Coimbatore",,,AC Repair & Services|AC Installation Services,false,true,false,false,false,AC Repair & Services,"Thiruvenkadam Street, Coimbatore",2025-05-28T06:57:48.465Z
Barani Electricals,,,0,0 Ratings,"Kovil RS Puram Coimbatore, Coimbatore",,,AC Repair & Services|Refrigerator Repair & Services,true,true,false,false,false,AC Repair & Services,"Thiruvenkadam Street, Coimbatore",2025-05-28T06:57:48.465Z
Everest Ac Service,,,0,0 Ratings,"NEHRU STREET Rathinapuri, Coimbatore",,,AC Repair & Services|Washing Machine Repair & Services,true,true,false,false,false,AC Repair & Services,"Thiruvenkadam Street, Coimbatore",2025-05-28T06:57:48.465Z
Cool Star,,,0,0 Ratings,"Db Road Rs Puram Coimbatore, Coimbatore",,,AC Repair & Services|Refrigerator Repair & Services,false,true,false,false,false,AC Repair & Services,"Thiruvenkadam Street, Coimbatore",2025-05-28T06:57:48.465Z
RR SERVICE,,,0,0 Ratings,"New Bridge Sivananda Colony, Coimbatore",,,AC Repair & Services|Microwave Oven Repair & Services,true,true,false,false,false,AC Repair & Services,"Thiruvenkadam Street, Coimbatore",2025-05-28T06:57:48.465Z
P R Electricals,+,,0,0 Ratings,"Nehru Street Ram Nagar, Coimbatore",,,AC Repair & Services|Refrigerator Repair & Services,true,true,false,false,false,AC Repair & Services,"Thiruvenkadam Street, Coimbatore",2025-05-28T06:57:48.465Z
Santhi Electronics,,,0,0 Ratings,"R.S.Puram East Rajapalayam, Coimbatore",,,Electronic Goods Repair & Services|AC Repair & Services,false,true,false,false,false,AC Repair & Services,"Thiruvenkadam Street, Coimbatore",2025-05-28T06:57:48.465Z
City AIR Cool,,,0,0 Ratings,"Vcv Road RS Puram Coimbatore, Coimbatore",,,AC Repair & Services|Washing Machine Repair & Services,true,true,false,false,false,AC Repair & Services,"Thiruvenkadam Street, Coimbatore",2025-05-28T06:57:48.465Z
Comfort Engineers,,,0,0 Ratings,"C. V. Swamy Road, Coimbatore",,,Window AC Repair & Services|AC Repair & Services,true,true,false,false,false,AC Repair & Services,"Thiruvenkadam Street, Coimbatore",2025-05-28T06:57:48.465Z
Bharath Ac Service,,,0,0 Ratings,"Road RS Puram Coimbatore, Coimbatore",,,AC Repair & Services|Refrigerator Repair & Services,true,true,false,false,false,AC Repair & Services,"Thiruvenkadam Street, Coimbatore",2025-05-28T06:57:48.465Z
Arjun Electronics,,,0,0 Ratings,"Road Rs Puram Coimbatore, Coimbatore",,,AC Repair & Services|Washing Machine Repair & Services,true,true,false,false,false,AC Repair & Services,"Thiruvenkadam Street, Coimbatore",2025-05-28T06:57:48.465Z
Sairam Associates,+,,0,0 Ratings,"Road RS Puram Coimbatore, Coimbatore",,,AC Repair & Services|AC Repair & Services-LG,false,true,false,false,false,AC Repair & Services,"Thiruvenkadam Street, Coimbatore",2025-05-28T06:57:48.465Z
JJ Chill Park,+,,0,0 Ratings,"Road Rs Puram Coimbatore, Coimbatore",,,Refrigerator Repair & Services|AC Repair & Services,true,true,false,false,false,AC Repair & Services,"Thiruvenkadam Street, Coimbatore",2025-05-28T06:57:48.465Z
Best Interior,+,,0,0 Ratings,"Road Rs Puram Coimbatore, Coimbatore",,,Decorative,true,true,false,false,false,AC Repair & Services,"Thiruvenkadam Street, Coimbatore",2025-05-28T06:57:48.465Z
Airccon Corporation,+,,0,0 Ratings,"Tatabad, Coimbatore",,,AC Repair & Services|Computer Printer Repair & Services,true,true,false,false,false,AC Repair & Services,"Thiruvenkadam Street, Coimbatore",2025-05-28T06:57:48.465Z
Baseline Technologies,,,0,0 Ratings,"Extension Gandhipuram Coimbatore, Coimbatore",,,AC Repair & Services|AC Part Dealers,false,true,false,false,false,AC Repair & Services,"Thiruvenkadam Street, Coimbatore",2025-05-28T06:57:48.465Z
P B & Sons,,,0,0 Ratings,"Tatabad, Coimbatore",,,AC Repair & Services|AC Equipment Repair & Services,false,true,false,false,false,AC Repair & Services,"Thiruvenkadam Street, Coimbatore",2025-05-28T06:57:48.465Z
Freeze Engineers,,,0,0 Ratings,"New No 53 & 114 Tatabad, Coimbatore",,,AC Repair & Services|AC Installation Services,true,true,false,false,false,AC Repair & Services,"Thiruvenkadam Street, Coimbatore",2025-05-28T06:57:48.465Z
Subhatra Airconditioners,+,,0,0 Ratings,"Tank Road Tatabad, Coimbatore",,,AC Repair & Services|AC Dealers,false,true,false,false,false,AC Repair & Services,"Thiruvenkadam Street, Coimbatore",2025-05-28T06:57:48.465Z
Raj AIR Collers,,,0,0 Ratings,"Nerhu Street Ram Nagar, Coimbatore",,,AC Repair & Services|AC Repair & Services-LG,false,true,false,false,false,AC Repair & Services,"Thiruvenkadam Street, Coimbatore",2025-05-28T06:57:48.465Z
Ac Repair and Service Coimbatore,,,0,0 Ratings,"Sivananda Colony, Coimbatore",,,AC Repair & Services,true,true,false,false,false,AC Repair & Services,"Thiruvenkadam Street, Coimbatore",2025-05-28T06:57:48.465Z
Creative Cool Engineering,,,0,0 Ratings,"VOC Street Sivananda Colony, Coimbatore",,,AC Repair & Services|Washing Machine Repair & Services,true,true,false,false,false,AC Repair & Services,"Thiruvenkadam Street, Coimbatore",2025-05-28T06:57:48.465Z
Delta,,,0,0 Ratings,"Rathinapuri, Coimbatore",,,AC Repair & Services|Electronic Goods Repair & Services,true,true,false,false,false,AC Repair & Services,"Thiruvenkadam Street, Coimbatore",2025-05-28T06:57:48.465Z
Perfect Engineering,,,0,0 Ratings,"Tatabad, Coimbatore",,,AC Repair & Services|Washing Machine Repair & Services,true,true,false,false,false,AC Repair & Services,"Thiruvenkadam Street, Coimbatore",2025-05-28T06:57:48.465Z
AIR Cooler Service,,,0,0 Ratings,"TATABAD 7TH STREET Tatabad, Coimbatore",,,AC Repair & Services|Air Cooler Repair & Services,true,true,false,false,false,AC Repair & Services,"Thiruvenkadam Street, Coimbatore",2025-05-28T06:57:48.465Z
Nollet Ac Care AIR Conditioner,,,0,0 Ratings,"Ganapathy Tatabad, Coimbatore",,,AC Repair & Services|Electronic Goods Repair & Services,true,true,false,false,false,AC Repair & Services,"Thiruvenkadam Street, Coimbatore",2025-05-28T06:57:48.465Z
Ottajees,,,0,0 Ratings,"Tatabad, Coimbatore",,,AC Repair & Services|Electronic Goods Repair & Services,false,true,false,false,false,AC Repair & Services,"Thiruvenkadam Street, Coimbatore",2025-05-28T06:57:48.465Z
Merittrac Services Pvt Ltd,,,0,0 Ratings,"Feet Road Gandhipuram Coimbatore, Coimbatore",,,AC Repair & Services,false,true,false,false,false,AC Repair & Services,"Thiruvenkadam Street, Coimbatore",2025-05-28T06:57:48.465Z
frost vibe,,,0,0 Ratings,"Gandhipuram Coimbatore, Coimbatore",,,AC Repair & Services|AC Dealers,true,true,false,false,false,AC Repair & Services,"Thiruvenkadam Street, Coimbatore",2025-05-28T06:57:48.465Z
Sri Sai AIR Conditioners,,,0,0 Ratings,"School Gandhipuram Coimbatore, Coimbatore",,,AC Repair & Services|Electronic Goods Repair & Services,true,true,false,false,false,AC Repair & Services,"Thiruvenkadam Street, Coimbatore",2025-05-28T06:57:48.465Z
Smart Home Appliances,,,0,0 Ratings,"7thstreet Gandhipuram Coimbatore, Coimbatore",,,AC Repair & Services|Washing Machine Repair & Services,true,true,false,false,false,AC Repair & Services,"Thiruvenkadam Street, Coimbatore",2025-05-28T06:57:48.465Z
Dls Solar Automation,,,0,0 Ratings,"STREET Gandhipuram Coimbatore, Coimbatore",,,AC Repair & Services|Refrigerator Repair & Services,true,true,false,false,false,AC Repair & Services,"Thiruvenkadam Street, Coimbatore",2025-05-28T06:57:48.465Z
Phoenix Ac Engineers,+,,0,0 Ratings,"Street Gandhipuram Coimbatore, Coimbatore",,,AC Repair & Services|AC Installation Services,true,true,false,false,false,AC Repair & Services,"Thiruvenkadam Street, Coimbatore",2025-05-28T06:57:48.465Z
NEWTECH ELECTRICALS &HOME APPLIANCES,,,0,0 Ratings,"No Gandhipuram Coimbatore, Coimbatore",,,Home Appliance Repair & Services|AC Repair & Services,true,true,false,false,false,AC Repair & Services,"Thiruvenkadam Street, Coimbatore",2025-05-28T06:57:48.465Z
Vijai Industries,,,0,0 Ratings,"Gandhipuram Coimbatore, Coimbatore",,,AC Repair & Services|Electronic Goods Repair & Services,false,true,false,false,false,AC Repair & Services,"Thiruvenkadam Street, Coimbatore",2025-05-28T06:57:48.465Z
Thendral dth,,,0,0 Ratings,"Gandhipuram Coimbatore, Coimbatore",,,AC Repair & Services|DTH TV Broadcast Service Providers-Tata Play,false,true,false,false,false,AC Repair & Services,"Thiruvenkadam Street, Coimbatore",2025-05-28T06:57:48.465Z
Ac Company (Wrg),+,,0,0 Ratings,"Nagar Gandhipuram Coimbatore, Coimbatore",,,Refrigerator Repair & Services|AC Repair & Services,false,true,false,false,false,AC Repair & Services,"Thiruvenkadam Street, Coimbatore",2025-05-28T06:57:48.465Z
Sdanduct,+,,0,0 Ratings,"Extension Gandhipuram Coimbatore, Coimbatore",,,AC Repair & Services|AC Dealers,false,true,false,false,false,AC Repair & Services,"Thiruvenkadam Street, Coimbatore",2025-05-28T06:57:48.465Z
Maharaja Electronics,,,0,0 Ratings,"Road RS Puram Coimbatore, Coimbatore",,,AC Repair & Services|Washing Machine Repair & Services,true,true,false,false,false,AC Repair & Services,"Thiruvenkadam Street, Coimbatore",2025-05-28T06:57:48.465Z
Cool Tech,,,0,0 Ratings,"Road Sriavanashilingam Hsc, Coimbatore",,,AC Repair & Services|Electronic Goods Repair & Services,true,true,false,false,false,AC Repair & Services,"Thiruvenkadam Street, Coimbatore",2025-05-28T06:57:48.466Z
Pinnacle Services,,,0,0 Ratings,"Nehru Street Ram Nagar, Coimbatore",,,AC Repair & Services|AC Installation Services,true,true,false,false,false,AC Repair & Services,"Thiruvenkadam Street, Coimbatore",2025-05-28T06:57:48.466Z
V N Power Care,,,0,0 Ratings,"Mecrikar Road RS Puram, Coimbatore",,,AC Repair & Services|Washing Machine Repair & Services,true,true,false,false,false,AC Repair & Services,"Thiruvenkadam Street, Coimbatore",2025-05-28T06:57:48.466Z
Venus Air Conditioning Specialist,+,,0,0 Ratings,"11th Street Gandhipuram, Coimbatore",,,AC Repair & Services|AC Installation Services,true,true,false,false,false,AC Repair & Services,"Thiruvenkadam Street, Coimbatore",2025-05-28T06:57:48.466Z
Max Vision,,,0,0 Ratings,"Vckn Layout, Coimbatore",,,Electronic Goods Repair & Services|AC Repair & Services,true,true,false,false,false,AC Repair & Services,"Thiruvenkadam Street, Coimbatore",2025-05-28T06:57:48.466Z
Adarsh Aircon,,,0,0 Ratings,"Street RS Puram Coimbatore, Coimbatore",,,AC Repair & Services|AC Repair & Services-LG,true,true,false,false,false,AC Repair & Services,"Thiruvenkadam Street, Coimbatore",2025-05-28T06:57:48.466Z
Spot Service,+,,0,0 Ratings,"Road Gandhipuram Coimbatore, Coimbatore",,,Mobile Phone Repair & Services|AC Repair & Services,true,true,false,false,false,AC Repair & Services,"Thiruvenkadam Street, Coimbatore",2025-05-28T06:57:48.466Z
Akil Electronics & Home Appliance,+,,0,0 Ratings,"Road East RS Puram Coimbatore, Coimbatore",,,AC Repair & Services|Washing Machine Repair & Services,true,true,false,false,false,AC Repair & Services,"Thiruvenkadam Street, Coimbatore",2025-05-28T06:57:48.466Z
Jj Chills Park,,,0,0 Ratings,Coimbatore,,,AC Repair & Services,false,true,false,false,false,AC Repair & Services,"Thiruvenkadam Street, Coimbatore",2025-05-28T06:57:48.466Z
Airking Refgiration,,,0,0 Ratings,"Road Sriavanashilingam HSC, Coimbatore",,,AC Repair & Services|Refrigerator Repair & Services,false,true,false,false,false,AC Repair & Services,"Thiruvenkadam Street, Coimbatore",2025-05-28T06:57:48.466Z
E N Service,+,,0,0 Ratings,"Gounder Layout Sivananda Colony, Coimbatore",,,AC Repair & Services|Washing Machine Repair & Services,true,true,false,false,false,AC Repair & Services,"Thiruvenkadam Street, Coimbatore",2025-05-28T06:57:48.467Z
SKY BREEZE AC SOLUTION,+,,0,0 Ratings,"Alagesan Road Saibaba Colony, Coimbatore",,,AC Repair & Services|AC Installation Services,true,true,false,false,false,AC Repair & Services,"Thiruvenkadam Street, Coimbatore",2025-05-28T06:57:48.467Z
Rapid Repair zone,,,0,0 Ratings,"Feet Road Gandhipuram Coimbatore, Coimbatore",,,AC Repair & Services|Washing Machine Repair & Services,true,true,false,false,false,AC Repair & Services,"Thiruvenkadam Street, Coimbatore",2025-05-28T06:57:48.467Z
Sai AIR Conditioners,,,0,0 Ratings,"Dr Radhakrishnan Road Tatabad, Coimbatore",,,AC Repair & Services|AC Installation Services,true,true,false,false,false,AC Repair & Services,"Thiruvenkadam Street, Coimbatore",2025-05-28T06:57:48.467Z
EarthAc service centre,,,0,0 Ratings,Coimbatore,,,AC Repair & Services,true,true,false,false,false,AC Repair & Services,"Thiruvenkadam Street, Coimbatore",2025-05-28T06:57:48.467Z
Ahjil Electronics,,,0,0 Ratings,"Light House Road Kollupuram, Coimbatore",,,Electronic Goods Repair & Services|AC Repair & Services,true,true,false,false,false,AC Repair & Services,"Thiruvenkadam Street, Coimbatore",2025-05-28T06:57:48.467Z
AK Home Care,,,0,0 Ratings,"Annamalai Road Saibaba Colony, Coimbatore",,,AC Repair & Services|Washing Machine Repair & Services,true,true,false,false,false,AC Repair & Services,"Thiruvenkadam Street, Coimbatore",2025-05-28T06:57:48.467Z
KUMARAN TRADERS,,,0,0 Ratings,"Road Gandhipuram Coimbatore, Coimbatore",,,AC Repair & Services|Washing Machine Repair & Services,true,true,false,false,false,AC Repair & Services,"Thiruvenkadam Street, Coimbatore",2025-05-28T06:57:48.467Z
Green Star Refrigeration & Airconditioning,,,0,0 Ratings,"7th Street Extension Gandhipuram, Coimbatore",,,AC Repair & Services|Washing Machine Repair & Services,true,true,false,false,false,AC Repair & Services,"Thiruvenkadam Street, Coimbatore",2025-05-28T06:57:48.467Z
Green Star Service,,,0,0 Ratings,"Street Gandhipuram Coimbatore, Coimbatore",,,AC Repair & Services|Washing Machine Repair & Services,true,true,false,false,false,AC Repair & Services,"Thiruvenkadam Street, Coimbatore",2025-05-28T06:57:48.467Z
Thermal Channel Associates,+,,0,0 Ratings,"NSR road Saibaba Colony, Coimbatore",,,AC Repair & Services|AC Installation Services,true,true,false,false,false,AC Repair & Services,"Thiruvenkadam Street, Coimbatore",2025-05-28T06:57:48.467Z
Noble Refrigeration,+,,0,0 Ratings,"Road RS Puram Coimbatore, Coimbatore",,,Refrigerator Repair & Services|AC Repair & Services,true,true,false,false,false,AC Repair & Services,"Thiruvenkadam Street, Coimbatore",2025-05-28T06:57:48.467Z
Ks Electricals Works,+,,0,0 Ratings,"Gandhipuram Coimbatore, Coimbatore",,,AC Repair & Services|Refrigerator Repair & Services,true,true,false,false,false,AC Repair & Services,"Thiruvenkadam Street, Coimbatore",2025-05-28T06:57:48.467Z
SJM Enterprises,,,0,0 Ratings,"Trichy Road Coimbatore Central, Coimbatore",,,AC Repair & Services|Electronic Goods Repair & Services,false,true,false,false,false,AC Repair & Services,"Thiruvenkadam Street, Coimbatore",2025-05-28T06:57:48.467Z