name,initial,rating,totalRatings,address,distance,phone,tags,hasWhatsApp,hasEnquiry,isTrusted,isVerified,isPopular,category,subcategory,city,timestamp
Sdm Art Center,<,4.5,7 Ratings,"Mangalore - Dharmastala Hwy, Dakshina Kannada",,,Drama Classes; Hobby Classes,true,false,false,false,true,Hobby Classes,,Chikkamagaluru,2025-06-02T14:12:23.590Z
Drishya School Of Arts,<,4.8,10 Ratings,"No.12137 Vidyaratna Nagar, Manipal",,,Hobby Classes; Art Schools,true,false,false,false,true,Hobby Classes,,Chikkamagaluru,2025-06-02T14:12:23.590Z
Indica Surf School,<,4.7,959 Ratings,"Kolachikambla Road Mulki East, Mangalore",,,Surfing Classes; Hobby Classes,true,false,false,false,true,Hobby Classes,,Chikkamagaluru,2025-06-02T14:12:23.590Z
Tagore Painting & Craft Classes,<,5.0,3 Ratings,"Kottara Kottara Chowki, Mangalore",,,Painting Classes; Arts & Crafts Classes,true,false,false,false,true,Hobby Classes,,Chikkamagaluru,2025-06-02T14:12:23.590Z
Mangalore Surf Club,<,4.8,321 Ratings,"Boloor, Mangalore",,,Surfing Classes; Hobby Classes,true,false,false,false,true,Hobby Classes,,Chikkamagaluru,2025-06-02T14:12:23.591Z
Ninasam Neelakanteshwara Natya Sangha,<,4.5,430 Ratings,"Heggodu, Shimoga",,,Drama Classes; Hobby Classes,true,false,false,false,true,Hobby Classes,,Chikkamagaluru,2025-06-02T14:12:23.591Z
Brillient Brain Abacus,<,4.0,1 Ratings,"1stcross Ktj Nagar Davangere Ho, Davangere",,,Abacus Classes; Hobby Classes,true,false,false,false,false,Hobby Classes,,Chikkamagaluru,2025-06-02T14:12:23.591Z
Rajinis Hobby Classes,<,5.0,16 Ratings,"10 Th Main Gokulam 3rd Stage, Mysore",,,Soft Toy Making Classes; Tailoring Classes,true,false,false,false,true,Hobby Classes,,Chikkamagaluru,2025-06-02T14:12:23.591Z
Clay Canvas Mysuru,<,4.9,31 Ratings,"Gokulam 3rd Stage Gokulam, Mysore",,,Drawing Classes; Handwriting Classes,true,false,false,false,true,Hobby Classes,,Chikkamagaluru,2025-06-02T14:12:23.591Z
Soni's Daycare & Richa's Art Club,<,4.8,44 Ratings,"2nd Cross Gokulam, Mysore",,,Dance Classes; Language Classes For English Conversation,true,false,false,false,true,Hobby Classes,,Chikkamagaluru,2025-06-02T14:12:23.591Z
Chinmaya Vidyalaya,C,4.1,58 Ratings,"4th Cross Jayalakshmipuram, Mysore",,,Hobby Classes,false,false,false,false,true,Hobby Classes,,Chikkamagaluru,2025-06-02T14:12:23.591Z
Curio City,C,5.0,3 Ratings,"Vv Mohalla, Mysore",,,Hobby Classes; Hobby Classes For Children,true,false,false,false,true,Hobby Classes,,Chikkamagaluru,2025-06-02T14:12:23.591Z
The Hobby Place,+,4.6,458 Ratings,"Vivekananda Road Yadavagiri, Mysore",,,Fabric Painting Classes; Music Classes,true,false,false,false,true,Hobby Classes,,Chikkamagaluru,2025-06-02T14:12:23.591Z
Eats N Treats Cooking Classes,E,4.5,14 Ratings,"Hospital Road Kuvempunagar, Mysore",,,Cookery Classes For Cake; Cookery Classes,true,false,false,false,true,Hobby Classes,,Chikkamagaluru,2025-06-02T14:12:23.591Z
Curiocity - School Of Creative Art and Design,+,4.6,39 Ratings,"7th Cross Narasimharaja Mohalla, Mysore",,,Art Schools; Mehendi Artists,true,false,false,false,true,Hobby Classes,,Chikkamagaluru,2025-06-02T14:12:23.591Z
Ananya Creations,A,5.0,1 Ratings,"Annasandrapalya Ganesh Nagar, Mysore",,,Hobby Classes,true,false,false,false,true,Hobby Classes,,Chikkamagaluru,2025-06-02T14:12:23.591Z
Champaka Academy,+,4.8,123 Ratings,"E & F Block Ramakrishnanagar, Mysore",,,Dance Classes; Pre Schools,true,false,false,false,true,Hobby Classes,,Chikkamagaluru,2025-06-02T14:12:23.591Z
Kalakuteera Mysore,+,4.1,35 Ratings,"6th Cross Kr Mohalla, Mysore",,,Arts & Crafts Classes For Children; Summer Camps,true,false,false,false,true,Hobby Classes,,Chikkamagaluru,2025-06-02T14:12:23.591Z
All For Kids,+,4.5,3 Ratings,"Banavadi, Bangalore",,,Hobby Classes,true,false,false,false,true,Hobby Classes,,Chikkamagaluru,2025-06-02T14:12:23.591Z
Little Millennium,+,4.7,425 Ratings,"Channanayakanapalya Nagasandra, Bangalore",,,Business Owned By Women,true,false,false,false,true,Hobby Classes,,Chikkamagaluru,2025-06-02T14:12:23.591Z
Eurokids Rukmininagar,+,4.8,253 Ratings,"Rukmini Nagar Nagasandra, Bangalore",,09054863284,Day Care Centres; Pre Schools,true,false,false,true,true,Hobby Classes,,Chikkamagaluru,2025-06-02T14:12:23.591Z
Lakshmi Tailoring Classes And Ladies Tailors,+,3.3,6 Ratings,"Magadi Main Road Sunkadakatte, Bangalore",,,Tailoring Classes; Hobby Classes,true,false,false,false,false,Hobby Classes,,Chikkamagaluru,2025-06-02T14:12:23.591Z
National School Of Drama Bengaluru Centre,+,4.3,164 Ratings,"Kajana Mallathahalli, Bangalore",,,Drama Classes; Acting Classes,false,false,false,true,true,Hobby Classes,,Chikkamagaluru,2025-06-02T14:12:23.591Z
Creative Art Classes,+,4.2,14 Ratings,"2nd Stage Nagarbhavi, Bangalore",,,Fabric Painting Classes; Tutorials,true,false,false,false,true,Hobby Classes,,Chikkamagaluru,2025-06-02T14:12:23.591Z
Ninaadrang,+,5.0,8 Ratings,"Main Road Rajarajeshwari Nagar, Bangalore",,,Dance Classes; Music Classes,true,false,false,false,true,Hobby Classes,,Chikkamagaluru,2025-06-02T14:12:23.591Z
Divya's Art Room,D,5.0,1 Ratings,"Layout Rajarajeshwari Nagar, Bangalore",,,Arts & Crafts Classes; Hobby Classes,false,false,false,false,true,Hobby Classes,,Chikkamagaluru,2025-06-02T14:12:23.591Z
Music Kids,M,3.2,6 Ratings,"9th Block Nagarbhavi 2nd Stage, Bangalore",,,Music Classes; Music Classes For Guitar,true,false,false,false,false,Hobby Classes,,Chikkamagaluru,2025-06-02T14:12:23.591Z
Little Daffodils,+,4.6,18 Ratings,"3rd Stage Rajarajeshwari Nagar, Bangalore",,,Schools; Day Care Centres,true,false,false,false,true,Hobby Classes,,Chikkamagaluru,2025-06-02T14:12:23.592Z
SRS Abacus,S,5.0,1 Ratings,"Lay Out Vijayanagar Attiguppe, Bangalore",,,Summer Camps; Abacus Classes,true,false,false,false,true,Hobby Classes,,Chikkamagaluru,2025-06-02T14:12:23.592Z
Uniq Fine Arts,U,5.0,1 Ratings,"3 Phase Yeshwanthpur, Bangalore",,,Charcoal Sketching Classes; Hobby Classes,true,false,false,false,true,Hobby Classes,,Chikkamagaluru,2025-06-02T14:12:23.592Z
Honey Herbal Beauty Parlour,H,4.3,4 Ratings,"9th K Main Road Vijayanagar, Bangalore",,,Beauty Parlours; Women Beauty Parlours,true,false,false,false,false,Hobby Classes,,Chikkamagaluru,2025-06-02T14:12:23.592Z
Preeti Art Classes,+,3.0,3 Ratings,"Dollars Colony New Bel Road, Bangalore",,,Hobby Classes; Pottery Classes,true,false,false,false,false,Hobby Classes,,Chikkamagaluru,2025-06-02T14:12:23.592Z
Natya Taranga Nrithyalaya,N,4.0,2 Ratings,"Rpc Layout Vijayanagar, Bangalore",,,Dance Classes; Dance Classes For Bharatnatyam,true,false,false,false,false,Hobby Classes,,Chikkamagaluru,2025-06-02T14:12:23.592Z
Pinwheel Montessori School And Activity Centre,P,4.8,4 Ratings,"BEML Layout Rajarajeshwari Nagar, Bangalore",,,Nursery Schools; Schools,true,false,false,false,true,Hobby Classes,,Chikkamagaluru,2025-06-02T14:12:23.592Z
Young Innovators Educational Services Pvt Ltd,+,4.9,93 Ratings,"21st Main Vijayanagar, Bangalore",,,Hobby Classes For Children; Hobby Classes,true,false,false,true,true,Hobby Classes,,Chikkamagaluru,2025-06-02T14:12:23.592Z
The Structural School Of Fine Arts,+,4.5,103 Ratings,"17th Cross Vijayanagar, Bangalore",,,Music Classes; Tutorials,true,false,false,false,true,Hobby Classes,,Chikkamagaluru,2025-06-02T14:12:23.592Z
Bangalore Peoples Tree,B,3.0,1 Ratings,"2a Crs Basaveshwara Nagar, Bangalore",,,Kindergartens; Schools,false,false,false,false,false,Hobby Classes,,Chikkamagaluru,2025-06-02T14:12:23.592Z
Parisara Montessori House Of Children,+,4.7,37 Ratings,"Cross Mahalakshmipuram Layout, Bangalore",,,Playgroups; Schools,true,false,false,false,true,Hobby Classes,,Chikkamagaluru,2025-06-02T14:12:23.592Z
Happy Landings India,+,4.5,60 Ratings,"Layout Vidyaranyapura  Block 6, Bangalore",,,Toy Dealers; Stationery Shops,true,false,false,true,true,Hobby Classes,,Chikkamagaluru,2025-06-02T14:12:23.592Z
Padmini Raghuram,P,4.0,3 Ratings,"17th Cross Mathikere, Bangalore",,,Hobby Classes; Arts & Crafts Classes,true,false,false,false,false,Hobby Classes,,Chikkamagaluru,2025-06-02T14:12:23.592Z
Towering Heights Kindergarten,T,3.7,16 Ratings,"2nd Stage Vijayanagar, Bangalore",,,Hobby Classes; Nursery Schools,true,false,false,false,false,Hobby Classes,,Chikkamagaluru,2025-06-02T14:12:23.592Z
Handwriting A One.com,+,4.8,357 Ratings,Bangalore,,09972952858,Summer Camps; Handwriting Classes,true,false,false,false,true,Hobby Classes,,Chikkamagaluru,2025-06-02T14:12:23.592Z
Vruddhi Center For Learning,+,3.9,28 Ratings,"5th Block Vidyaranyapura, Bangalore",,,Dance Classes At Home; Dance Classes,true,false,false,false,false,Hobby Classes,,Chikkamagaluru,2025-06-02T14:12:23.592Z
Raghavendra P Revankar,R,3.0,1 Ratings,"Rajajinagar 1st Block, Bangalore",,,Hobby Classes,true,false,false,false,false,Hobby Classes,,Chikkamagaluru,2025-06-02T14:12:23.592Z
Hobby Ideas,H,3.2,4 Ratings,"Mathikere, Bangalore",,,Hobby Classes; Arts & Crafts Classes,true,false,false,false,false,Hobby Classes,,Chikkamagaluru,2025-06-02T14:12:23.592Z
Dream Strokes,D,4.0,1 Ratings,"Manjunath Nagar Rajajinagar, Bangalore",,,Painting Classes; Institutes,true,false,false,false,false,Hobby Classes,,Chikkamagaluru,2025-06-02T14:12:23.592Z
Swetha Geetha Tailoring Class,S,3.9,4 Ratings,"Kothnoor Post. Konanakunte, Bangalore",,,Arts & Crafts Classes; Tailoring Classes,true,false,false,false,false,Hobby Classes,,Chikkamagaluru,2025-06-02T14:12:23.592Z
Little Woods School,+,4.8,66 Ratings,"No 451 Uttarahalli, Bangalore",,,Montessori Schools; Schools,true,false,false,false,true,Hobby Classes,,Chikkamagaluru,2025-06-02T14:12:23.592Z
Sri Rajarajeshwari Computer Embroidery,S,3.0,1 Ratings,"Dr Raj Kumar Rasthe Rajajinagar, Bangalore",,,Embroidery Job Works; Hobby Classes,false,false,false,false,false,Hobby Classes,,Chikkamagaluru,2025-06-02T14:12:23.592Z